mode,consumed_eps,cache_hits,n_answered,mean_abs_error,p95_abs_error,mean_eps_per_query,wall_time_sec,alpha,trial,k,total_eps
naive_dp,9.99999999999998,0,100,10.02,32.0,0.09999999999999998,0.1398607000010088,0.0,0,100,10.0
workload_dp,0.7,93,100,2.02,6.0,0.006999999999999999,0.11154399998486042,0.0,0,100,10.0
predictive_dp,10.0,70,75,1.48,6.0,0.13333333333333333,0.09916280000470579,0.0,0,100,10.0
naive_dp,9.99999999999998,0,100,8.31,23.049999999999997,0.09999999999999998,0.12091970001347363,0.0,1,100,10.0
workload_dp,0.7,93,100,4.52,12.0,0.006999999999999999,0.09133980004116893,0.0,1,100,10.0
predictive_dp,10.0,76,81,3.691358024691358,12.0,0.12345679012345678,0.09814769995864481,0.0,1,100,10.0
naive_dp,9.99999999999998,0,100,9.67,26.049999999999997,0.09999999999999998,0.12476920010522008,0.0,2,100,10.0
workload_dp,0.7,93,100,17.65,41.0,0.006999999999999999,0.0899824999505654,0.0,2,100,10.0
predictive_dp,10.0,63,67,18.880597014925375,41.0,0.14925373134328357,0.09853529999963939,0.0,2,100,10.0
naive_dp,9.99999999999998,0,100,9.89,27.099999999999994,0.09999999999999998,0.12303729995619506,0.0,3,100,10.0
workload_dp,0.7,93,100,7.53,12.0,0.006999999999999999,0.09119180007837713,0.0,3,100,10.0
predictive_dp,10.0,61,66,6.090909090909091,12.0,0.1515151515151515,0.10170859994832426,0.0,3,100,10.0
naive_dp,9.99999999999998,0,100,11.68,31.049999999999997,0.09999999999999998,0.1226068000542,0.0,4,100,10.0
workload_dp,0.7,93,100,17.16,39.0,0.007000000000000001,0.09211190009955317,0.0,4,100,10.0
predictive_dp,10.0,86,92,16.869565217391305,39.0,0.10869565217391304,0.10278570000082254,0.0,4,100,10.0
naive_dp,9.99999999999998,0,100,9.53,26.099999999999994,0.09999999999999998,0.12240989995189011,0.0,5,100,10.0
workload_dp,0.7,93,100,10.16,32.0,0.006999999999999999,0.09014720004051924,0.0,5,100,10.0
predictive_dp,10.0,51,55,5.072727272727272,14.0,0.18181818181818182,0.09892809996381402,0.0,5,100,10.0
naive_dp,9.99999999999998,0,100,10.77,33.099999999999994,0.09999999999999998,0.12421140004880726,0.0,6,100,10.0
workload_dp,0.7,93,100,7.74,30.0,0.006999999999999999,0.09137360006570816,0.0,6,100,10.0
predictive_dp,10.0,73,78,4.9743589743589745,12.0,0.1282051282051282,0.10243630001787096,0.0,6,100,10.0
naive_dp,9.99999999999998,0,100,11.16,31.049999999999997,0.09999999999999998,0.122548499959521,0.0,7,100,10.0
workload_dp,0.7,93,100,8.89,40.0,0.007000000000000001,0.08925159997306764,0.0,7,100,10.0
predictive_dp,10.0,76,81,4.160493827160494,10.0,0.12345679012345678,0.10014440002851188,0.0,7,100,10.0
naive_dp,9.99999999999998,0,100,9.3,30.049999999999997,0.09999999999999998,0.12333039997611195,0.0,8,100,10.0
workload_dp,0.7,93,100,6.23,13.0,0.006999999999999999,0.09060780005529523,0.0,8,100,10.0
predictive_dp,10.0,57,61,5.065573770491803,10.0,0.16393442622950816,0.09814479993656278,0.0,8,100,10.0
naive_dp,9.99999999999998,0,100,8.11,27.049999999999997,0.09999999999999998,0.1207854999229312,0.0,9,100,10.0
workload_dp,0.7,93,100,5.44,11.0,0.007000000000000001,0.09393099998123944,0.0,9,100,10.0
predictive_dp,10.0,64,69,2.782608695652174,9.0,0.14492753623188406,0.09900909999851137,0.0,9,100,10.0
naive_dp,9.99999999999998,0,100,9.08,26.14999999999999,0.09999999999999998,0.12067960004787892,0.0,10,100,10.0
workload_dp,0.7,93,100,4.61,16.0,0.007000000000000001,0.09162619989365339,0.0,10,100,10.0
predictive_dp,10.0,84,90,3.3444444444444446,10.0,0.1111111111111111,0.09962809993885458,0.0,10,100,10.0
naive_dp,9.99999999999998,0,100,10.48,31.0,0.09999999999999998,0.1241988999536261,0.0,11,100,10.0
workload_dp,0.7,93,100,15.36,38.0,0.007000000000000001,0.088004200020805,0.0,11,100,10.0
predictive_dp,10.0,67,72,18.180555555555557,38.0,0.1388888888888889,0.09831269993446767,0.0,11,100,10.0
naive_dp,9.99999999999998,0,100,9.16,28.14999999999999,0.09999999999999998,0.12083199992775917,0.0,12,100,10.0
workload_dp,0.7,93,100,7.68,20.0,0.007000000000000001,0.09164540003985167,0.0,12,100,10.0
predictive_dp,10.0,63,68,8.75,20.0,0.14705882352941177,0.09874240006320179,0.0,12,100,10.0
naive_dp,9.99999999999998,0,100,10.04,32.14999999999999,0.09999999999999998,0.12077809998299927,0.0,13,100,10.0
workload_dp,0.7,93,100,12.12,35.0,0.007000000000000001,0.09003010008018464,0.0,13,100,10.0
predictive_dp,10.0,68,73,9.821917808219178,35.0,0.13698630136986298,0.09795730002224445,0.0,13,100,10.0
naive_dp,9.99999999999998,0,100,11.0,31.399999999999977,0.09999999999999998,0.122398899984546,0.0,14,100,10.0
workload_dp,0.7,93,100,12.05,60.0,0.007000000000000001,0.08997420000378042,0.0,14,100,10.0
predictive_dp,10.0,69,74,12.5,60.0,0.13513513513513514,0.09966900001745671,0.0,14,100,10.0
naive_dp,9.99999999999998,0,100,10.24,29.249999999999986,0.09999999999999998,0.12059679999947548,0.0,15,100,10.0
workload_dp,0.7,93,100,7.61,13.0,0.006999999999999999,0.09243850002530962,0.0,15,100,10.0
predictive_dp,10.0,61,66,5.53030303030303,12.0,0.15151515151515152,0.10026790003757924,0.0,15,100,10.0
naive_dp,9.99999999999998,0,100,11.92,34.29999999999998,0.09999999999999998,0.12050000007729977,0.0,16,100,10.0
workload_dp,0.7,93,100,7.33,18.0,0.007000000000000001,0.089766800054349,0.0,16,100,10.0
predictive_dp,10.0,56,60,7.283333333333333,18.0,0.16666666666666666,0.09847870003432035,0.0,16,100,10.0
naive_dp,9.99999999999998,0,100,8.93,26.19999999999999,0.09999999999999998,0.1239769000094384,0.0,17,100,10.0
workload_dp,0.7,93,100,15.13,31.0,0.007000000000000001,0.09178600006271154,0.0,17,100,10.0
predictive_dp,10.0,67,72,11.208333333333334,20.0,0.1388888888888889,0.09937900002114475,0.0,17,100,10.0
naive_dp,9.99999999999998,0,100,10.54,29.249999999999986,0.09999999999999998,0.11836449999827892,0.0,18,100,10.0
workload_dp,0.7,93,100,8.67,44.0,0.006999999999999999,0.09074330003932118,0.0,18,100,10.0
predictive_dp,10.0,59,63,11.523809523809524,44.0,0.1587301587301587,0.10252539999783039,0.0,18,100,10.0
naive_dp,9.99999999999998,0,100,8.77,28.049999999999997,0.09999999999999998,0.12346839997917414,0.0,19,100,10.0
workload_dp,0.7,93,100,12.14,44.0,0.006999999999999999,0.09055050008464605,0.0,19,100,10.0
predictive_dp,10.0,77,82,13.463414634146341,44.0,0.12195121951219512,0.09960189997218549,0.0,19,100,10.0
naive_dp,9.99999999999998,0,100,11.06,37.14999999999999,0.09999999999999998,0.12177820003125817,0.0,20,100,10.0
workload_dp,0.7,93,100,13.0,43.0,0.007000000000000001,0.08965709991753101,0.0,20,100,10.0
predictive_dp,10.0,71,76,5.776315789473684,31.0,0.13157894736842105,0.10268979996908456,0.0,20,100,10.0
naive_dp,9.99999999999998,0,100,10.45,30.049999999999997,0.09999999999999998,0.12286370003130287,0.0,21,100,10.0
workload_dp,0.7,93,100,8.94,33.0,0.007000000000000001,0.09035750001203269,0.0,21,100,10.0
predictive_dp,10.0,63,68,7.911764705882353,33.0,0.14705882352941177,0.10348619997967035,0.0,21,100,10.0
naive_dp,9.99999999999998,0,100,9.63,32.099999999999994,0.09999999999999998,0.1256456000264734,0.0,22,100,10.0
workload_dp,0.7,93,100,7.95,16.0,0.006999999999999999,0.08999219990801066,0.0,22,100,10.0
predictive_dp,10.0,52,56,6.660714285714286,16.0,0.17857142857142858,0.09769960003904998,0.0,22,100,10.0
naive_dp,9.99999999999998,0,100,10.16,28.0,0.09999999999999998,0.12437299999874085,0.0,23,100,10.0
workload_dp,0.7,93,100,12.32,41.0,0.007000000000000001,0.08938390004914254,0.0,23,100,10.0
predictive_dp,10.0,50,54,9.592592592592593,41.0,0.18518518518518517,0.09840519994031638,0.0,23,100,10.0
naive_dp,9.99999999999998,0,100,8.32,23.049999999999997,0.09999999999999998,0.12028410006314516,0.0,24,100,10.0
workload_dp,0.7,93,100,4.6,9.0,0.007000000000000001,0.08963299996685237,0.0,24,100,10.0
predictive_dp,10.0,54,58,4.293103448275862,9.0,0.1724137931034483,0.10106629994697869,0.0,24,100,10.0
naive_dp,9.99999999999998,0,100,9.38,23.0,0.09999999999999998,0.11931439989712089,0.0,25,100,10.0
workload_dp,0.7,93,100,6.4,22.0,0.006999999999999999,0.09163489995989949,0.0,25,100,10.0
predictive_dp,10.0,57,61,7.737704918032787,22.0,0.16393442622950818,0.09819040005095303,0.0,25,100,10.0
naive_dp,9.99999999999998,0,100,10.71,30.0,0.09999999999999998,0.12281740002799779,0.0,26,100,10.0
workload_dp,0.7,93,100,6.37,22.0,0.007000000000000001,0.0904733999632299,0.0,26,100,10.0
predictive_dp,10.0,62,67,6.567164179104478,22.0,0.14925373134328357,0.09841670002788305,0.0,26,100,10.0
naive_dp,9.99999999999998,0,100,9.34,31.0,0.09999999999999998,0.11980400001630187,0.0,27,100,10.0
workload_dp,0.7,93,100,10.77,38.0,0.007000000000000001,0.08813070005271584,0.0,27,100,10.0
predictive_dp,10.0,53,57,7.12280701754386,13.0,0.17543859649122806,0.10109460004605353,0.0,27,100,10.0
naive_dp,9.99999999999998,0,100,8.54,23.14999999999999,0.09999999999999998,0.12440599990077317,0.0,28,100,10.0
workload_dp,0.7,93,100,8.16,14.0,0.007000000000000001,0.09240009996574372,0.0,28,100,10.0
predictive_dp,10.0,69,74,4.851351351351352,14.0,0.13513513513513514,0.10097780008800328,0.0,28,100,10.0
naive_dp,9.99999999999998,0,100,9.64,29.0,0.09999999999999998,0.12655830010771751,0.0,29,100,10.0
workload_dp,0.7,93,100,15.16,28.0,0.007000000000000001,0.08865460008382797,0.0,29,100,10.0
predictive_dp,10.0,63,68,15.014705882352942,28.0,0.14705882352941177,0.10134789999574423,0.0,29,100,10.0
naive_dp,9.99999999999998,0,100,9.8,26.049999999999997,0.09999999999999998,0.12438079994171858,0.5,0,100,10.0
workload_dp,0.7,93,100,6.34,21.0,0.006999999999999999,0.09577319992240518,0.5,0,100,10.0
predictive_dp,10.0,68,73,6.602739726027397,21.0,0.136986301369863,0.10751180001534522,0.5,0,100,10.0
naive_dp,9.99999999999998,0,100,10.09,29.249999999999986,0.09999999999999998,0.13340719998814166,0.5,1,100,10.0
workload_dp,0.7,93,100,10.67,17.0,0.006999999999999999,0.10273640009108931,0.5,1,100,10.0
predictive_dp,10.0,74,79,9.164556962025317,15.0,0.12658227848101267,0.1106958999298513,0.5,1,100,10.0
naive_dp,9.99999999999998,0,100,8.61,25.249999999999986,0.09999999999999998,0.1262954999692738,0.5,2,100,10.0
workload_dp,0.7,93,100,7.31,30.0,0.006999999999999999,0.09157479996792972,0.5,2,100,10.0
predictive_dp,10.0,59,63,4.158730158730159,8.0,0.15873015873015872,0.1014840001007542,0.5,2,100,10.0
naive_dp,9.99999999999998,0,100,9.54,32.0,0.09999999999999998,0.12408940005116165,0.5,3,100,10.0
workload_dp,0.7,93,100,6.79,32.0,0.007000000000000001,0.08964319992810488,0.5,3,100,10.0
predictive_dp,10.0,70,75,3.72,14.0,0.13333333333333333,0.0982302000047639,0.5,3,100,10.0
naive_dp,9.99999999999998,0,100,11.64,30.69999999999996,0.09999999999999998,0.12435099994763732,0.5,4,100,10.0
workload_dp,0.7,93,100,17.65,49.0,0.007000000000000001,0.09195559995714575,0.5,4,100,10.0
predictive_dp,10.0,68,72,9.152777777777779,29.0,0.1388888888888889,0.10405959992203861,0.5,4,100,10.0
naive_dp,9.99999999999998,0,100,8.9,25.049999999999997,0.09999999999999998,0.1255140999564901,0.5,5,100,10.0
workload_dp,0.7,93,100,6.58,22.0,0.007000000000000001,0.09022479993291199,0.5,5,100,10.0
predictive_dp,10.0,57,61,1.4918032786885247,5.0,0.16393442622950818,0.10201889998279512,0.5,5,100,10.0
naive_dp,9.99999999999998,0,100,10.99,32.05,0.09999999999999998,0.12471380003262311,0.5,6,100,10.0
workload_dp,0.7,93,100,16.39,41.0,0.007000000000000001,0.0886626000283286,0.5,6,100,10.0
predictive_dp,10.0,61,65,14.046153846153846,26.0,0.15384615384615383,0.0980354999192059,0.5,6,100,10.0
naive_dp,9.99999999999998,0,100,8.74,25.14999999999999,0.09999999999999998,0.12291469995398074,0.5,7,100,10.0
workload_dp,0.7,93,100,8.66,18.0,0.006999999999999999,0.09024750010576099,0.5,7,100,10.0
predictive_dp,10.0,58,62,5.112903225806452,16.0,0.16129032258064516,0.10185890004504472,0.5,7,100,10.0
naive_dp,9.99999999999998,0,100,9.26,28.299999999999983,0.09999999999999998,0.12168039998505265,0.5,8,100,10.0
workload_dp,0.7,93,100,14.94,56.0,0.007000000000000001,0.0894141000462696,0.5,8,100,10.0
predictive_dp,10.0,72,77,4.571428571428571,10.0,0.12987012987012986,0.09829719993285835,0.5,8,100,10.0
naive_dp,9.99999999999998,0,100,9.36,24.19999999999999,0.09999999999999998,0.12386030005291104,0.5,9,100,10.0
workload_dp,0.7,93,100,9.64,21.0,0.006999999999999999,0.0944197999779135,0.5,9,100,10.0
predictive_dp,10.0,78,84,8.226190476190476,21.0,0.11904761904761904,0.10054850007873029,0.5,9,100,10.0
naive_dp,9.99999999999998,0,100,8.63,22.0,0.09999999999999998,0.12265320005826652,0.5,10,100,10.0
workload_dp,0.7,93,100,8.29,25.0,0.007000000000000001,0.09013769996818155,0.5,10,100,10.0
predictive_dp,10.0,61,66,2.0,8.0,0.15151515151515152,0.09863920009229332,0.5,10,100,10.0
naive_dp,9.99999999999998,0,100,10.44,29.0,0.09999999999999998,0.12670979998074472,0.5,11,100,10.0
workload_dp,0.7,93,100,7.81,20.0,0.006999999999999999,0.09125189995393157,0.5,11,100,10.0
predictive_dp,10.0,75,80,5.2375,15.0,0.125,0.09994450001977384,0.5,11,100,10.0
naive_dp,9.99999999999998,0,100,10.13,29.299999999999983,0.09999999999999998,0.1240899000549689,0.5,12,100,10.0
workload_dp,0.7,93,100,7.56,12.0,0.006999999999999999,0.09080700005870312,0.5,12,100,10.0
predictive_dp,10.0,80,86,7.813953488372093,12.0,0.11627906976744184,0.10092979995533824,0.5,12,100,10.0
naive_dp,9.99999999999998,0,100,10.04,29.0,0.09999999999999998,0.12227070005610585,0.5,13,100,10.0
workload_dp,0.7,93,100,9.09,22.0,0.007000000000000001,0.08946090005338192,0.5,13,100,10.0
predictive_dp,10.0,61,65,4.584615384615384,11.0,0.15384615384615385,0.1041241999482736,0.5,13,100,10.0
naive_dp,9.99999999999998,0,100,10.74,27.099999999999994,0.09999999999999998,0.12449529999867082,0.5,14,100,10.0
workload_dp,0.7,93,100,9.15,27.0,0.007000000000000001,0.09099739999510348,0.5,14,100,10.0
predictive_dp,10.0,47,50,6.6,12.0,0.2,0.09886700008064508,0.5,14,100,10.0
naive_dp,9.99999999999998,0,100,10.18,31.099999999999994,0.09999999999999998,0.12379930005408823,0.5,15,100,10.0
workload_dp,0.7,93,100,9.4,19.0,0.007000000000000001,0.09011959994677454,0.5,15,100,10.0
predictive_dp,10.0,75,80,7.8875,13.0,0.12499999999999997,0.12715750001370907,0.5,15,100,10.0
naive_dp,9.99999999999998,0,100,10.98,33.05,0.09999999999999998,0.11807309999130666,0.5,16,100,10.0
workload_dp,0.7,93,100,10.78,34.0,0.007000000000000001,0.08958979998715222,0.5,16,100,10.0
predictive_dp,10.0,45,49,12.73469387755102,34.0,0.20408163265306123,0.0999673999613151,0.5,16,100,10.0
naive_dp,9.99999999999998,0,100,11.27,31.14999999999999,0.09999999999999998,0.12186199997086078,0.5,17,100,10.0
workload_dp,0.7,93,100,11.41,37.0,0.006999999999999999,0.0884453000035137,0.5,17,100,10.0
predictive_dp,10.0,89,95,11.51578947368421,37.0,0.10526315789473682,0.10047339997254312,0.5,17,100,10.0
naive_dp,9.99999999999998,0,100,9.71,30.099999999999994,0.09999999999999998,0.12051759997848421,0.5,18,100,10.0
workload_dp,0.7,93,100,11.72,19.0,0.006999999999999999,0.09176640002988279,0.5,18,100,10.0
predictive_dp,10.0,65,69,11.18840579710145,17.0,0.14492753623188404,0.1037576999515295,0.5,18,100,10.0
naive_dp,9.99999999999998,0,100,8.61,24.049999999999997,0.09999999999999998,0.12211370002478361,0.5,19,100,10.0
workload_dp,0.7,93,100,8.86,17.0,0.007000000000000001,0.09200389997567981,0.5,19,100,10.0
predictive_dp,10.0,73,78,7.282051282051282,17.0,0.1282051282051282,0.10339009994640946,0.5,19,100,10.0
naive_dp,9.99999999999998,0,100,10.13,27.049999999999997,0.09999999999999998,0.12448909995146096,0.5,20,100,10.0
workload_dp,0.7,93,100,11.51,25.0,0.006999999999999999,0.09120339993387461,0.5,20,100,10.0
predictive_dp,10.0,70,74,12.256756756756756,25.0,0.13513513513513514,0.09882350009866059,0.5,20,100,10.0
naive_dp,9.99999999999998,0,100,10.21,26.0,0.09999999999999998,0.12594369996804744,0.5,21,100,10.0
workload_dp,0.7,93,100,10.91,25.0,0.007000000000000001,0.09064979990944266,0.5,21,100,10.0
predictive_dp,10.0,87,93,10.419354838709678,25.0,0.10752688172043011,0.09996889997273684,0.5,21,100,10.0
naive_dp,9.99999999999998,0,100,10.3,31.099999999999994,0.09999999999999998,0.12191599991638213,0.5,22,100,10.0
workload_dp,0.7,93,100,6.97,13.0,0.007000000000000001,0.09191100008320063,0.5,22,100,10.0
predictive_dp,10.0,52,55,6.672727272727273,13.0,0.18181818181818182,0.09762760007288307,0.5,22,100,10.0
naive_dp,9.99999999999998,0,100,10.83,36.05,0.09999999999999998,0.12307590001728386,0.5,23,100,10.0
workload_dp,0.7,93,100,18.73,37.0,0.007000000000000001,0.08883550006430596,0.5,23,100,10.0
predictive_dp,10.0,83,89,17.617977528089888,37.0,0.11235955056179775,0.1010723999934271,0.5,23,100,10.0
naive_dp,9.99999999999998,0,100,8.96,28.19999999999999,0.09999999999999998,0.12346999999135733,0.5,24,100,10.0
workload_dp,0.7,93,100,19.51,42.0,0.007000000000000001,0.08896989992354065,0.5,24,100,10.0
predictive_dp,10.0,76,81,22.209876543209877,42.0,0.12345679012345677,0.09948990005068481,0.5,24,100,10.0
naive_dp,9.99999999999998,0,100,11.16,31.049999999999997,0.09999999999999998,0.12091380008496344,0.5,25,100,10.0
workload_dp,0.7,93,100,9.99,14.0,0.007000000000000001,0.09160329995211214,0.5,25,100,10.0
predictive_dp,10.0,59,63,6.317460317460317,13.0,0.15873015873015872,0.09835280000697821,0.5,25,100,10.0
naive_dp,9.99999999999998,0,100,7.91,23.049999999999997,0.09999999999999998,0.12290029996074736,0.5,26,100,10.0
workload_dp,0.7,93,100,9.03,22.0,0.006999999999999999,0.08884310000576079,0.5,26,100,10.0
predictive_dp,10.0,69,74,5.9324324324324325,15.0,0.13513513513513511,0.09875979996286333,0.5,26,100,10.0
naive_dp,9.99999999999998,0,100,10.04,27.0,0.09999999999999998,0.12143990001641214,0.5,27,100,10.0
workload_dp,0.7,93,100,9.87,27.0,0.006999999999999999,0.09306520002428442,0.5,27,100,10.0
predictive_dp,10.0,76,81,6.814814814814815,25.0,0.12345679012345678,0.09941799996886402,0.5,27,100,10.0
naive_dp,9.99999999999998,0,100,10.48,25.14999999999999,0.09999999999999998,0.12076260009780526,0.5,28,100,10.0
workload_dp,0.7,93,100,16.88,40.0,0.007000000000000001,0.08729799999855459,0.5,28,100,10.0
predictive_dp,10.0,62,66,21.939393939393938,40.0,0.1515151515151515,0.10036190005484968,0.5,28,100,10.0
naive_dp,9.99999999999998,0,100,9.94,29.049999999999997,0.09999999999999998,0.1223562000086531,0.5,29,100,10.0
workload_dp,0.7,93,100,2.95,14.0,0.006999999999999999,0.09012209996581078,0.5,29,100,10.0
predictive_dp,10.0,82,88,1.2613636363636365,5.0,0.11363636363636363,0.09928250010125339,0.5,29,100,10.0
naive_dp,9.99999999999998,0,100,9.67,27.049999999999997,0.09999999999999998,0.12508789997082204,1.0,0,100,10.0
workload_dp,0.7,93,100,14.89,25.0,0.006999999999999999,0.09160510008223355,1.0,0,100,10.0
predictive_dp,10.0,76,80,14.4625,23.0,0.125,0.09957570000551641,1.0,0,100,10.0
naive_dp,9.99999999999998,0,100,9.83,31.099999999999994,0.09999999999999998,0.12212549999821931,1.0,1,100,10.0
workload_dp,0.7,93,100,8.2,15.0,0.007000000000000001,0.08904999995138496,1.0,1,100,10.0
predictive_dp,10.0,57,61,9.098360655737705,15.0,0.16393442622950816,0.10224070004187524,1.0,1,100,10.0
naive_dp,9.99999999999998,0,100,9.9,22.249999999999986,0.09999999999999998,0.122754400013946,1.0,2,100,10.0
workload_dp,0.7,93,100,8.31,18.0,0.006999999999999999,0.08953689993359149,1.0,2,100,10.0
predictive_dp,10.0,86,92,8.75,18.0,0.10869565217391304,0.10113049997016788,1.0,2,100,10.0
naive_dp,9.99999999999998,0,100,7.89,29.099999999999994,0.09999999999999998,0.1280411999905482,1.0,3,100,10.0
workload_dp,0.7,93,100,5.46,21.0,0.006999999999999999,0.09329679992515594,1.0,3,100,10.0
predictive_dp,10.0,45,49,4.653061224489796,13.0,0.2040816326530612,0.09788579994346946,1.0,3,100,10.0
naive_dp,9.99999999999998,0,100,10.21,29.0,0.09999999999999998,0.12144379992969334,1.0,4,100,10.0
workload_dp,0.7,93,100,11.24,28.0,0.007000000000000001,0.08949449995998293,1.0,4,100,10.0
predictive_dp,10.0,59,63,6.063492063492063,11.0,0.1587301587301587,0.09986999991815537,1.0,4,100,10.0
naive_dp,9.99999999999998,0,100,12.16,38.099999999999994,0.09999999999999998,0.12210869998671114,1.0,5,100,10.0
workload_dp,0.7,93,100,10.54,22.0,0.007000000000000001,0.08981319994200021,1.0,5,100,10.0
predictive_dp,10.0,74,78,8.282051282051283,22.0,0.1282051282051282,0.0999986999668181,1.0,5,100,10.0
naive_dp,9.99999999999998,0,100,9.6,28.249999999999986,0.09999999999999998,0.1248089000582695,1.0,6,100,10.0
workload_dp,0.7,93,100,7.5,19.0,0.007000000000000001,0.09251769992988557,1.0,6,100,10.0
predictive_dp,10.0,84,89,7.202247191011236,19.0,0.11235955056179774,0.10171989991795272,1.0,6,100,10.0
naive_dp,9.99999999999998,0,100,10.17,33.05,0.09999999999999998,0.12425190000794828,1.0,7,100,10.0
workload_dp,0.7,93,100,18.27,25.0,0.007000000000000001,0.09112549992278218,1.0,7,100,10.0
predictive_dp,10.0,69,73,21.534246575342465,25.0,0.13698630136986298,0.09934990003239363,1.0,7,100,10.0
naive_dp,9.99999999999998,0,100,12.47,42.05,0.09999999999999998,0.12323059991467744,1.0,8,100,10.0
workload_dp,0.7,93,100,8.73,35.0,0.007000000000000001,0.09034589992370456,1.0,8,100,10.0
predictive_dp,10.0,71,75,10.253333333333334,35.0,0.1333333333333333,0.09877810010220855,1.0,8,100,10.0
naive_dp,9.99999999999998,0,100,8.51,22.0,0.09999999999999998,0.12738269998226315,1.0,9,100,10.0
workload_dp,0.7,93,100,5.14,22.0,0.007000000000000001,0.09370869991835207,1.0,9,100,10.0
predictive_dp,10.0,85,90,4.488888888888889,22.0,0.1111111111111111,0.10012359998654574,1.0,9,100,10.0
naive_dp,9.99999999999998,0,100,11.78,39.05,0.09999999999999998,0.12287469999864697,1.0,10,100,10.0
workload_dp,0.7,93,100,9.93,39.0,0.007000000000000001,0.09046069998294115,1.0,10,100,10.0
predictive_dp,10.0,59,63,9.761904761904763,39.0,0.15873015873015872,0.10027240007184446,1.0,10,100,10.0
naive_dp,9.99999999999998,0,100,9.65,31.099999999999994,0.09999999999999998,0.1250624000094831,1.0,11,100,10.0
workload_dp,0.7,93,100,6.08,18.0,0.006999999999999999,0.09045919997151941,1.0,11,100,10.0
predictive_dp,10.0,72,77,5.428571428571429,18.0,0.12987012987012986,0.09936900006141514,1.0,11,100,10.0
naive_dp,9.99999999999998,0,100,9.63,25.14999999999999,0.09999999999999998,0.1217693000799045,1.0,12,100,10.0
workload_dp,0.7,93,100,9.83,16.0,0.006999999999999999,0.09215759998187423,1.0,12,100,10.0
predictive_dp,10.0,81,85,9.435294117647059,16.0,0.1176470588235294,0.10077340004500002,1.0,12,100,10.0
naive_dp,9.99999999999998,0,100,9.03,26.0,0.09999999999999998,0.12414039997383952,1.0,13,100,10.0
workload_dp,0.7,93,100,4.63,11.0,0.006999999999999999,0.09038650000002235,1.0,13,100,10.0
predictive_dp,10.0,86,92,4.554347826086956,11.0,0.10869565217391304,0.10400110005866736,1.0,13,100,10.0
naive_dp,9.99999999999998,0,100,8.39,33.05,0.09999999999999998,0.12492380000185221,1.0,14,100,10.0
workload_dp,0.7,93,100,8.42,20.0,0.007000000000000001,0.09004089992959052,1.0,14,100,10.0
predictive_dp,10.0,84,90,7.177777777777778,20.0,0.11111111111111109,0.10035809990949929,1.0,14,100,10.0
naive_dp,9.99999999999998,0,100,9.38,24.249999999999986,0.09999999999999998,0.12450749997515231,1.0,15,100,10.0
workload_dp,0.7,93,100,4.33,8.0,0.007000000000000001,0.09481690009124577,1.0,15,100,10.0
predictive_dp,10.0,74,78,2.9615384615384617,4.0,0.1282051282051282,0.09901579993311316,1.0,15,100,10.0
naive_dp,9.99999999999998,0,100,9.93,28.249999999999986,0.09999999999999998,0.12542719999328256,1.0,16,100,10.0
workload_dp,0.7,93,100,23.12,47.0,0.006999999999999999,0.08983499999158084,1.0,16,100,10.0
predictive_dp,10.0,80,85,24.4,47.0,0.11764705882352941,0.12228329991921782,1.0,16,100,10.0
naive_dp,9.99999999999998,0,100,9.74,30.099999999999994,0.09999999999999998,0.12632949999533594,1.0,17,100,10.0
workload_dp,0.7,93,100,3.23,5.34999999999998,0.006999999999999999,0.09272299997974187,1.0,17,100,10.0
predictive_dp,10.0,85,90,2.7111111111111112,5.0,0.1111111111111111,0.10359329998027533,1.0,17,100,10.0
naive_dp,9.99999999999998,0,100,9.32,26.099999999999994,0.09999999999999998,0.13095609995070845,1.0,18,100,10.0
workload_dp,0.7,93,100,8.52,42.0,0.007000000000000001,0.09937760001048446,1.0,18,100,10.0
predictive_dp,10.0,81,86,9.0,42.0,0.11627906976744186,0.10220000008121133,1.0,18,100,10.0
naive_dp,9.99999999999998,0,100,8.03,23.099999999999994,0.09999999999999998,0.12603459996171296,1.0,19,100,10.0
workload_dp,0.7,93,100,4.1,7.0,0.007000000000000001,0.09242800006177276,1.0,19,100,10.0
predictive_dp,10.0,85,90,3.966666666666667,7.0,0.1111111111111111,0.10198799998033792,1.0,19,100,10.0
naive_dp,9.99999999999998,0,100,10.9,25.34999999999998,0.09999999999999998,0.12279549997765571,1.0,20,100,10.0
workload_dp,0.7,93,100,10.88,17.0,0.006999999999999999,0.0914775999262929,1.0,20,100,10.0
predictive_dp,10.0,77,82,10.707317073170731,17.0,0.12195121951219512,0.09993099991697818,1.0,20,100,10.0
naive_dp,9.99999999999998,0,100,8.73,27.049999999999997,0.09999999999999998,0.12795759993605316,1.0,21,100,10.0
workload_dp,0.7,93,100,12.88,19.0,0.007000000000000001,0.09638440003618598,1.0,21,100,10.0
predictive_dp,10.0,84,89,11.089887640449438,19.0,0.11235955056179775,0.10165279998909682,1.0,21,100,10.0
naive_dp,9.99999999999998,0,100,9.9,28.049999999999997,0.09999999999999998,0.1285949000157416,1.0,22,100,10.0
workload_dp,0.7,93,100,8.97,21.0,0.006999999999999999,0.09539439994841814,1.0,22,100,10.0
predictive_dp,10.0,57,60,3.55,5.0,0.16666666666666666,0.11218359996564686,1.0,22,100,10.0
naive_dp,9.99999999999998,0,100,10.52,31.099999999999994,0.09999999999999998,0.15048239997122437,1.0,23,100,10.0
workload_dp,0.7,93,100,11.36,37.0,0.006999999999999999,0.10987970000132918,1.0,23,100,10.0
predictive_dp,10.0,69,73,8.0,37.0,0.136986301369863,0.12319049995858222,1.0,23,100,10.0
naive_dp,9.99999999999998,0,100,10.36,27.0,0.09999999999999998,0.14862419990822673,1.0,24,100,10.0
workload_dp,0.7,93,100,10.64,16.0,0.007000000000000001,0.11027970002032816,1.0,24,100,10.0
predictive_dp,10.0,60,64,3.75,12.0,0.15625,0.09843189991079271,1.0,24,100,10.0
naive_dp,9.99999999999998,0,100,8.8,25.0,0.09999999999999998,0.12417480000294745,1.0,25,100,10.0
workload_dp,0.7,93,100,15.53,31.0,0.006999999999999999,0.09009079996030778,1.0,25,100,10.0
predictive_dp,10.0,63,68,10.632352941176471,16.0,0.14705882352941174,0.09883919998537749,1.0,25,100,10.0
naive_dp,9.99999999999998,0,100,10.31,28.0,0.09999999999999998,0.1231743999524042,1.0,26,100,10.0
workload_dp,0.7,93,100,15.16,24.0,0.007000000000000001,0.08889480005018413,1.0,26,100,10.0
predictive_dp,10.0,80,85,13.6,24.0,0.11764705882352941,0.10345159994903952,1.0,26,100,10.0
naive_dp,9.99999999999998,0,100,10.65,33.14999999999999,0.09999999999999998,0.12194290000479668,1.0,27,100,10.0
workload_dp,0.7,93,100,5.54,27.0,0.006999999999999999,0.09033180004917085,1.0,27,100,10.0
predictive_dp,10.0,66,70,6.985714285714286,27.0,0.14285714285714285,0.09692779998295009,1.0,27,100,10.0
naive_dp,9.99999999999998,0,100,10.33,30.049999999999997,0.09999999999999998,0.12596139998640865,1.0,28,100,10.0
workload_dp,0.7,93,100,16.15,31.0,0.007000000000000001,0.09076149994507432,1.0,28,100,10.0
predictive_dp,10.0,81,86,15.232558139534884,22.0,0.11627906976744186,0.09944210003595799,1.0,28,100,10.0
naive_dp,9.99999999999998,0,100,8.6,27.099999999999994,0.09999999999999998,0.15187830000650138,1.0,29,100,10.0
workload_dp,0.7,93,100,11.14,30.0,0.007000000000000001,0.09043200011365116,1.0,29,100,10.0
predictive_dp,10.0,82,86,11.790697674418604,30.0,0.11627906976744184,0.09799649997148663,1.0,29,100,10.0
naive_dp,9.99999999999998,0,100,8.45,23.14999999999999,0.09999999999999998,0.1221927999285981,2.0,0,100,10.0
workload_dp,0.5,95,100,1.7,3.0,0.005,0.09151880000717938,2.0,0,100,10.0
predictive_dp,10.0,73,75,1.8666666666666667,2.0,0.13333333333333333,0.09825139993336052,2.0,0,100,10.0
naive_dp,9.99999999999998,0,100,9.49,28.049999999999997,0.09999999999999998,0.12611589999869466,2.0,1,100,10.0
workload_dp,0.6,94,100,8.23,16.0,0.006000000000000001,0.08858530002180487,2.0,1,100,10.0
predictive_dp,10.0,89,93,7.924731182795699,16.0,0.10752688172043011,0.09756959998048842,2.0,1,100,10.0
naive_dp,9.99999999999998,0,100,9.35,23.049999999999997,0.09999999999999998,0.12225779995787889,2.0,2,100,10.0
workload_dp,0.5,95,100,5.03,30.0,0.005,0.0928319999948144,2.0,2,100,10.0
predictive_dp,10.0,88,91,2.4945054945054945,9.0,0.10989010989010989,0.09927870007231832,2.0,2,100,10.0
naive_dp,9.99999999999998,0,100,10.84,34.05,0.09999999999999998,0.12592010002117604,2.0,3,100,10.0
workload_dp,0.7,93,100,5.05,8.0,0.006999999999999999,0.09211480000521988,2.0,3,100,10.0
predictive_dp,10.0,85,88,4.6477272727272725,5.0,0.11363636363636363,0.10077170003205538,2.0,3,100,10.0
naive_dp,9.99999999999998,0,100,8.64,25.0,0.09999999999999998,0.12538990005850792,2.0,4,100,10.0
workload_dp,0.7,93,100,4.29,11.0,0.006999999999999999,0.0918820999795571,2.0,4,100,10.0
predictive_dp,10.0,88,91,3.076923076923077,11.0,0.10989010989010989,0.09801339998375624,2.0,4,100,10.0
naive_dp,9.99999999999998,0,100,9.25,29.0,0.09999999999999998,0.1236421000212431,2.0,5,100,10.0
workload_dp,0.7,93,100,26.68,37.0,0.007000000000000001,0.10532880004029721,2.0,5,100,10.0
predictive_dp,10.0,82,84,29.071428571428573,37.0,0.11904761904761904,0.10224229993764311,2.0,5,100,10.0
naive_dp,9.99999999999998,0,100,9.78,27.049999999999997,0.09999999999999998,0.12744449998717755,2.0,6,100,10.0
workload_dp,0.7,93,100,14.19,18.0,0.007000000000000001,0.0933715000282973,2.0,6,100,10.0
predictive_dp,10.0,87,90,14.4,18.0,0.1111111111111111,0.10351000004447997,2.0,6,100,10.0
naive_dp,9.99999999999998,0,100,9.07,24.099999999999994,0.09999999999999998,0.12971850007306784,2.0,7,100,10.0
workload_dp,0.7,93,100,3.13,24.0,0.007000000000000001,0.09469240007456392,2.0,7,100,10.0
predictive_dp,10.0,85,88,0.9886363636363636,1.0,0.11363636363636363,0.10112190002109855,2.0,7,100,10.0
naive_dp,9.99999999999998,0,100,10.05,27.049999999999997,0.09999999999999998,0.12722590006887913,2.0,8,100,10.0
workload_dp,0.6,94,100,14.76,36.0,0.006000000000000001,0.09194519999437034,2.0,8,100,10.0
predictive_dp,10.0,94,99,14.222222222222221,36.0,0.101010101010101,0.10203669988550246,2.0,8,100,10.0
naive_dp,9.99999999999998,0,100,10.18,28.14999999999999,0.09999999999999998,0.12398149992804974,2.0,9,100,10.0
workload_dp,0.7,93,100,7.42,26.0,0.007000000000000001,0.09159840003121644,2.0,9,100,10.0
predictive_dp,10.0,66,69,5.565217391304348,14.0,0.14492753623188406,0.10239659994840622,2.0,9,100,10.0
naive_dp,9.99999999999998,0,100,10.47,29.14999999999999,0.09999999999999998,0.12317289994098246,2.0,10,100,10.0
workload_dp,0.7,93,100,4.28,14.0,0.007000000000000001,0.09319899999536574,2.0,10,100,10.0
predictive_dp,10.0,92,96,3.8229166666666665,14.0,0.10416666666666664,0.10384870006237179,2.0,10,100,10.0
naive_dp,9.99999999999998,0,100,11.2,34.099999999999994,0.09999999999999998,0.12644500005990267,2.0,11,100,10.0
workload_dp,0.6,94,100,3.29,4.0,0.006000000000000001,0.09152400004677474,2.0,11,100,10.0
predictive_dp,10.0,93,97,3.11340206185567,4.0,0.10309278350515463,0.10280619992408901,2.0,11,100,10.0
naive_dp,9.99999999999998,0,100,8.27,20.19999999999999,0.09999999999999998,0.12400179996620864,2.0,12,100,10.0
workload_dp,0.5,95,100,4.4,5.199999999999989,0.005,0.08994869992602617,2.0,12,100,10.0
predictive_dp,10.0,94,98,3.9183673469387754,5.0,0.1020408163265306,0.10169170005246997,2.0,12,100,10.0
naive_dp,9.99999999999998,0,100,8.86,24.0,0.09999999999999998,0.12327900005038828,2.0,13,100,10.0
workload_dp,0.6,94,100,3.64,11.0,0.006000000000000001,0.08947699994314462,2.0,13,100,10.0
predictive_dp,10.0,75,78,1.7564102564102564,2.0,0.1282051282051282,0.11171750002540648,2.0,13,100,10.0
naive_dp,9.99999999999998,0,100,10.87,33.05,0.09999999999999998,0.1494573000818491,2.0,14,100,10.0
workload_dp,0.6,94,100,30.95,37.0,0.006000000000000001,0.09258119994774461,2.0,14,100,10.0
predictive_dp,10.0,86,90,31.4,37.0,0.1111111111111111,0.10120639996603131,2.0,14,100,10.0
naive_dp,9.99999999999998,0,100,11.98,43.249999999999986,0.09999999999999998,0.12235429999418557,2.0,15,100,10.0
workload_dp,0.6,94,100,12.88,50.0,0.006000000000000001,0.08979319990612566,2.0,15,100,10.0
predictive_dp,10.0,82,85,12.470588235294118,50.0,0.11764705882352941,0.09854119992814958,2.0,15,100,10.0
naive_dp,9.99999999999998,0,100,10.35,28.049999999999997,0.09999999999999998,0.12078840006142855,2.0,16,100,10.0
workload_dp,0.7,93,100,7.54,8.549999999999969,0.007000000000000001,0.08991619991138577,2.0,16,100,10.0
predictive_dp,10.0,83,86,7.034883720930233,8.0,0.11627906976744186,0.09993269992992282,2.0,16,100,10.0
naive_dp,9.99999999999998,0,100,10.08,27.049999999999997,0.09999999999999998,0.12344989995472133,2.0,17,100,10.0
workload_dp,0.6,94,100,10.95,17.0,0.006,0.0898540000198409,2.0,17,100,10.0
predictive_dp,10.0,90,94,9.425531914893616,11.0,0.10638297872340424,0.09842910000588745,2.0,17,100,10.0
naive_dp,9.99999999999998,0,100,8.9,25.049999999999997,0.09999999999999998,0.12247699999716133,2.0,18,100,10.0
workload_dp,0.7,93,100,7.31,8.0,0.006999999999999999,0.08951050008181483,2.0,18,100,10.0
predictive_dp,10.0,84,87,7.528735632183908,8.0,0.11494252873563218,0.09907350002322346,2.0,18,100,10.0
naive_dp,9.99999999999998,0,100,11.57,31.19999999999999,0.09999999999999998,0.12401659996248782,2.0,19,100,10.0
workload_dp,0.6,94,100,7.31,15.0,0.006000000000000001,0.08888140006456524,2.0,19,100,10.0
predictive_dp,10.0,85,89,5.303370786516854,6.0,0.11235955056179775,0.09844640002120286,2.0,19,100,10.0
naive_dp,9.99999999999998,0,100,9.6,27.14999999999999,0.09999999999999998,0.1249144000466913,2.0,20,100,10.0
workload_dp,0.7,93,100,11.15,26.0,0.007000000000000001,0.09035009995568544,2.0,20,100,10.0
predictive_dp,10.0,91,95,10.610526315789473,26.0,0.10526315789473682,0.09976020001340657,2.0,20,100,10.0
naive_dp,9.99999999999998,0,100,9.94,30.099999999999994,0.09999999999999998,0.12244379997719079,2.0,21,100,10.0
workload_dp,0.7,93,100,10.65,38.0,0.007000000000000001,0.09057770005892962,2.0,21,100,10.0
predictive_dp,10.0,82,85,7.847058823529411,9.0,0.11764705882352941,0.09885979990940541,2.0,21,100,10.0
naive_dp,9.99999999999998,0,100,10.03,30.0,0.09999999999999998,0.1262237000046298,2.0,22,100,10.0
workload_dp,0.5,95,100,15.13,23.0,0.005,0.08936440001707524,2.0,22,100,10.0
predictive_dp,10.0,80,83,14.048192771084338,15.0,0.12048192771084337,0.10152719996403903,2.0,22,100,10.0
naive_dp,9.99999999999998,0,100,12.97,35.099999999999994,0.09999999999999998,0.12247520009987056,2.0,23,100,10.0
workload_dp,0.7,93,100,18.67,23.0,0.006999999999999999,0.09047519997693598,2.0,23,100,10.0
predictive_dp,10.0,88,92,18.42391304347826,23.0,0.10869565217391303,0.09810279996600002,2.0,23,100,10.0
naive_dp,9.99999999999998,0,100,10.26,31.049999999999997,0.09999999999999998,0.12169729999732226,2.0,24,100,10.0
workload_dp,0.7,93,100,12.89,15.599999999999966,0.007000000000000001,0.08899079996626824,2.0,24,100,10.0
predictive_dp,10.0,87,91,12.263736263736265,15.0,0.10989010989010989,0.09878700005356222,2.0,24,100,10.0
naive_dp,9.99999999999998,0,100,8.82,29.049999999999997,0.09999999999999998,0.12164270004723221,2.0,25,100,10.0
workload_dp,0.7,93,100,9.09,15.0,0.007000000000000001,0.090386199997738,2.0,25,100,10.0
predictive_dp,10.0,79,81,8.962962962962964,11.0,0.12345679012345678,0.09626720007508993,2.0,25,100,10.0
naive_dp,9.99999999999998,0,100,10.67,33.05,0.09999999999999998,0.12132260005455464,2.0,26,100,10.0
workload_dp,0.6,94,100,12.26,22.0,0.006000000000000001,0.08978039992507547,2.0,26,100,10.0
predictive_dp,10.0,88,91,12.263736263736265,22.0,0.10989010989010989,0.09833000006619841,2.0,26,100,10.0
naive_dp,9.99999999999998,0,100,9.38,25.0,0.09999999999999998,0.123150400002487,2.0,27,100,10.0
workload_dp,0.5,95,100,9.21,23.0,0.005,0.09003720001783222,2.0,27,100,10.0
predictive_dp,10.0,81,83,5.493975903614458,6.0,0.12048192771084337,0.10136920004151762,2.0,27,100,10.0
naive_dp,9.99999999999998,0,100,10.21,32.099999999999994,0.09999999999999998,0.12398310005664825,2.0,28,100,10.0
workload_dp,0.7,93,100,3.42,5.049999999999997,0.006999999999999999,0.09102119994349778,2.0,28,100,10.0
predictive_dp,10.0,84,87,1.6436781609195403,2.0,0.11494252873563218,0.10019749996718019,2.0,28,100,10.0
naive_dp,9.99999999999998,0,100,9.22,28.049999999999997,0.09999999999999998,0.12472369999159127,2.0,29,100,10.0
workload_dp,0.7,93,100,21.1,27.049999999999997,0.006999999999999999,0.09072860004380345,2.0,29,100,10.0
predictive_dp,10.0,87,90,21.066666666666666,27.0,0.1111111111111111,0.09957289998419583,2.0,29,100,10.0
